{"cameraMode":{"drawMode":0,"name":"Shaded","section":"Shading Mode"},"sceneLighting":false,"audioPlay":false,"sceneViewState":{"m_AlwaysRefresh":false,"showFog":true,"showSkybox":false,"showFlares":true,"showImageEffects":true,"showParticleSystems":true,"showVisualEffectGraphs":true,"m_FxEnabled":true},"in2DMode":false,"pivot":{"x":12.504866600036621,"y":2.576761245727539,"z":-3.907482147216797},"rotation":{"x":0.00014253391418606043,"y":-0.9986114501953125,"z":0.05337400361895561,"w":0.002351238625124097},"size":5.953623294830322,"orthographic":false}