{"cameraMode":{"drawMode":0,"name":"Shaded","section":"Shading Mode"},"sceneLighting":true,"audioPlay":false,"sceneViewState":{"m_AlwaysRefresh":false,"showFog":true,"showSkybox":true,"showFlares":true,"showImageEffects":true,"showParticleSystems":true,"showVisualEffectGraphs":true,"m_FxEnabled":true},"in2DMode":false,"pivot":{"x":0.04014301300048828,"y":1.2994422912597657,"z":0.0463714599609375},"rotation":{"x":0.3211539089679718,"y":-0.2447277009487152,"z":0.08630084991455078,"w":0.9107893109321594},"size":41.45407485961914,"orthographic":false}