{"cameraMode":{"drawMode":0,"name":"Shaded","section":"Shading Mode"},"sceneLighting":true,"audioPlay":false,"sceneViewState":{"m_AlwaysRefresh":false,"showFog":true,"showSkybox":true,"showFlares":true,"showImageEffects":true,"showParticleSystems":true,"showVisualEffectGraphs":true,"m_FxEnabled":true},"in2DMode":false,"pivot":{"x":1.8226418495178223,"y":-1.2087173461914063,"z":0.6684927940368652},"rotation":{"x":-0.27659064531326296,"y":-0.6153469681739807,"z":0.24434997141361237,"w":-0.6965303421020508},"size":5.2011871337890629,"orthographic":false}