{"cameraMode":{"drawMode":0,"name":"Shaded","section":"Shading Mode"},"sceneLighting":true,"audioPlay":false,"sceneViewState":{"m_AlwaysRefresh":false,"showFog":true,"showSkybox":true,"showFlares":true,"showImageEffects":true,"showParticleSystems":true,"showVisualEffectGraphs":true,"m_FxEnabled":true},"in2DMode":false,"pivot":{"x":35.00385665893555,"y":1.8051403760910035,"z":-2.3254027366638185},"rotation":{"x":-0.04636533185839653,"y":0.9463702440261841,"z":-0.15789684653282166,"w":-0.27818170189857485},"size":2.5602378845214845,"orthographic":false}