{"cameraMode":{"drawMode":0,"name":"Shaded","section":"Shading Mode"},"sceneLighting":true,"audioPlay":false,"sceneViewState":{"m_AlwaysRefresh":false,"showFog":true,"showSkybox":true,"showFlares":true,"showImageEffects":true,"showParticleSystems":true,"showVisualEffectGraphs":true,"m_FxEnabled":true},"in2DMode":false,"pivot":{"x":12.371710777282715,"y":4.9564971923828129,"z":-8.227864265441895},"rotation":{"x":0.09244020283222199,"y":-0.16647399961948396,"z":0.015677722170948983,"w":0.9815787672996521},"size":16.950538635253908,"orthographic":true}