{"cameraMode":{"drawMode":0,"name":"Shaded","section":"Shading Mode"},"sceneLighting":false,"audioPlay":false,"sceneViewState":{"m_AlwaysRefresh":false,"showFog":true,"showSkybox":false,"showFlares":true,"showImageEffects":true,"showParticleSystems":true,"showVisualEffectGraphs":true,"m_FxEnabled":true},"in2DMode":false,"pivot":{"x":-3.982081890106201,"y":2.5219054222106935,"z":-12.08741283416748},"rotation":{"x":0.044126786291599277,"y":0.9212254881858826,"z":-0.10967911779880524,"w":0.37063297629356387},"size":1.3297652006149293,"orthographic":false}